,name,url
0,Abraham Hirsz Zimerman,http://www.abc.org.br/membro/abraham-hirsz-zimerman/
1,Abramo Hefez,http://www.abc.org.br/membro/abramo-hefez/
2,Acelino Couto Alfenas,http://www.abc.org.br/membro/acelino-couto-alfenas/
3,Adalberto Fazzio,http://www.abc.org.br/membro/adalberto-fazzio/
4,Adalberto Luis Val,http://www.abc.org.br/membro/adalberto-luis-val/
5,Adalberto Ramón Vieyra,http://www.abc.org.br/membro/adalberto-ramon-vieyra/
6,Ademar Freire Maia,http://www.abc.org.br/membro/ademar-freire-maia/
7,Ademir Neves,http://www.abc.org.br/membro/ademir-neves/
8,Ado Jório de Vasconcelos,http://www.abc.org.br/membro/ado-jorio-de-vasconcelos/
9,Adolpho José Melfi,http://www.abc.org.br/membro/adolpho-jose-melfi/
10,Alaor Silvério Chaves,http://www.abc.org.br/membro/alaor-silverio-chaves/
11,Alberto Henrique Frade Laender,http://www.abc.org.br/membro/alberto-henrique-frade-laender/
12,Alberto Passos Guimarães Filho,http://www.abc.org.br/membro/alberto-passos-guimaraes-filho/
13,Alcides Lins Neto,http://www.abc.org.br/membro/alcides-lins-neto/
14,Alcides Nóbrega Sial,http://www.abc.org.br/membro/alcides-nobrega-sial/
15,Aldo Ângelo Moreira Lima,http://www.abc.org.br/membro/aldo-angelo-moreira-lima/
16,Aldo Felix Craievich,http://www.abc.org.br/membro/aldo-felix-craievich/
17,Aldo José Gorgatti Zarbin,http://www.abc.org.br/membro/aldo-jose-gorgatti-zarbin/
18,Alexander Wilhelm Armin Kellner,http://www.abc.org.br/membro/alexander-wilhelm-armin-kellner/
19,Alexandre Nolasco de Carvalho,http://www.abc.org.br/membro/alexandre-nolasco-de-carvalho/
20,Alfredo Miguel Ozorio de Almeida,http://www.abc.org.br/membro/alfredo-miguel-ozorio-de-almeida/
21,Alfredo Noel Iusem,http://www.abc.org.br/membro/alfredo-noel-iusem/
22,Aloísio Pessoa de Araújo,http://www.abc.org.br/membro/aloisio-pessoa-de-araujo/
23,Alvaro Penteado Crósta,http://www.abc.org.br/membro/alvaro-penteado-crosta/
24,Alvaro Toubes Prata,http://www.abc.org.br/membro/alvaro-toubes-prata/
25,Amilcar Tanuri,http://www.abc.org.br/membro/amilcar-tanuri/
26,Amir Ordacgi Caldeira,http://www.abc.org.br/membro/amir-ordacgi-caldeira/
27,Amós Troper,http://www.abc.org.br/membro/amos-troper/
28,Anderson Stevens Leonidas Gomes,http://www.abc.org.br/membro/anderson-stevens-leonidas-gomes/
29,André Nachbin,http://www.abc.org.br/membro/andre-nachbin/
30,Anibal Eugenio Vercesi,http://www.abc.org.br/membro/anibal-eugenio-vercesi/
31,Antônio Brito da Cunha,http://www.abc.org.br/membro/antonio-brito-da-cunha/
32,Antonio Carlos Boschero,http://www.abc.org.br/membro/antonio-carlos-boschero/
33,Antonio Carlos Campos de Carvalho,http://www.abc.org.br/membro/antonio-carlos-campos-de-carvalho/
34,Antonio Carlos Martins de Camargo,http://www.abc.org.br/membro/antonio-carlos-martins-de-camargo/
35,Antonio Carlos Rocha Campos,http://www.abc.org.br/membro/antonio-carlos-rocha-campos/
36,Antonio Egidio Nardi,http://www.abc.org.br/membro/antonio-egidio-nardi/
37,Antonio Fernando Ribeiro de Toledo Piza,http://www.abc.org.br/membro/antonio-fernando-ribeiro-de-toledo-piza/
38,Antonio Galves,http://www.abc.org.br/membro/antonio-galves/
39,Antonio Gomes de Souza Filho,http://www.abc.org.br/membro/antonio-gomes-de-souza-filho-2/
40,Antonio José Roque da Silva,http://www.abc.org.br/membro/antonio-jose-roque-da-silva/
41,Antonio Luiz Braga,http://www.abc.org.br/membro/antonio-luiz-braga/
42,Antonio Marcus Nogueira Lima,http://www.abc.org.br/membro/antonio-marcus-nogueira-lima/
43,Antonio Martins Figueiredo Neto,http://www.abc.org.br/membro/antonio-martins-figueiredo-neto/
44,Antonio Paes de Carvalho,http://www.abc.org.br/membro/antonio-paes-de-carvalho/
45,Antônio Rodrigues Cordeiro,http://www.abc.org.br/membro/antonio-rodrigues-cordeiro/
46,Antonio Salvio Mangrich,http://www.abc.org.br/membro/antonio-salvio-mangrich/
47,Antônio Sérgio Teixeira Pires,http://www.abc.org.br/membro/antonio-sergio-teixeira-pires/
48,Armando Martins Leite da Silva,http://www.abc.org.br/membro/armando-martins-leite-da-silva/
49,Arnaldo Leite Pinto Garcia,http://www.abc.org.br/membro/arnaldo-leite-pinto-garcia/
50,Aroldo Misi,http://www.abc.org.br/membro/aroldo-misi/
51,Aron Simis,http://www.abc.org.br/membro/aron-simis/
52,Artur Avila Cordeiro de Melo,http://www.abc.org.br/membro/artur-avila-cordeiro-de-melo/
53,Artur Beltrame Ribeiro,http://www.abc.org.br/membro/artur-beltrame-ribeiro/
54,Artur Oscar Lopes,http://www.abc.org.br/membro/artur-oscar-lopes/
55,Avílio Antonio Franco,http://www.abc.org.br/membro/avilio-antonio-franco/
56,Benedito Honório Machado,http://www.abc.org.br/membro/benedito-honorio-machado/
57,Benildo Sousa Cavada,http://www.abc.org.br/membro/benildo-sousa-cavada/
58,Benjamin Bley de Brito Neves,http://www.abc.org.br/membro/benjamin-bley-de-brito-neves/
59,Bernardo Boris Vargaftig,http://www.abc.org.br/membro/bernardo-boris-vargaftig/
60,Bolívar Lamounier,http://www.abc.org.br/membro/bolivar-lamounier/
61,Boris Fausto,http://www.abc.org.br/membro/boris-fausto/
62,Bruce Bartholow Duncan,http://www.abc.org.br/membro/bruce-bartholow-duncan/
63,Carlos Afonso Nobre,http://www.abc.org.br/membro/carlos-afonso-nobre/
64,Carlos Alberto Aragão de Carvalho Filho,http://www.abc.org.br/membro/carlos-alberto-aragao-de-carvalho-filho/
65,Carlos Alexandre Netto,http://www.abc.org.br/membro/carlos-alexandre-netto/
66,Carlos Alfredo Joly,http://www.abc.org.br/membro/carlos-alfredo-joly/
67,Carlos Augusto Monteiro,http://www.abc.org.br/membro/carlos-augusto-monteiro/
68,Carlos Eduardo de Matos Bicudo,http://www.abc.org.br/membro/carlos-eduardo-de-matos-bicudo/
69,Carlos Emanuel de Souza,http://www.abc.org.br/membro/carlos-emanuel-de-souza/
70,Carlos Frederico Martins Menck,http://www.abc.org.br/membro/carlos-frederico-martins-menck/
71,Carlos Gustavo Tamm de Araujo Moreira,http://www.abc.org.br/membro/carlos-gustavo-tamm-de-araujo-moreira/
72,Carlos Henrique de Brito Cruz,http://www.abc.org.br/membro/carlos-henrique-de-brito-cruz/
73,Carlos Holger Wenzel Flechtmann,http://www.abc.org.br/membro/carlos-holger-wenzel-flechtmann/
74,Carlos José Pereira de Lucena,http://www.abc.org.br/membro/carlos-jose-pereira-de-lucena/
75,Carlos Medicis Morel,http://www.abc.org.br/membro/carlos-medicis-morel/
76,Carlos Ourivio Escobar,http://www.abc.org.br/membro/carlos-ourivio-escobar/
77,Carlos Ricardo Soccol,http://www.abc.org.br/membro/carlos-ricardo-soccol/
78,Carlos Roberto de Souza Filho,http://www.abc.org.br/membro/carlos-roberto-de-souza-filho-2/
79,Carlos Tomei,http://www.abc.org.br/membro/carlos-tomei/
80,Célio Fernando Baptista Haddad,http://www.abc.org.br/membro/celio-fernando-baptista-haddad/
81,Célio Lopes Silva,http://www.abc.org.br/membro/celio-lopes-silva/
82,Celso da Cruz Carneiro Ribeiro,http://www.abc.org.br/membro/celso-da-cruz-carneiro-ribeiro/
83,Celso de Barros Gomes,http://www.abc.org.br/membro/celso-de-barros-gomes/
84,Celso Grebogi,http://www.abc.org.br/membro/celso-grebogi/
85,Celso José da Costa,http://www.abc.org.br/membro/celso-jose-da-costa/
86,Celso Lafer,http://www.abc.org.br/membro/celso-lafer/
87,Celso Pinto de Melo,http://www.abc.org.br/membro/celso-pinto-de-melo/
88,Cesar Gomes Victora,http://www.abc.org.br/membro/cesar-gomes-victora/
89,César Leopoldo Camacho,http://www.abc.org.br/membro/cesar-leopoldo-camacho/
90,Cid Bartolomeu de Araújo,http://www.abc.org.br/membro/cid-bartolomeu-de-araujo/
91,Claudio Airoldi,http://www.abc.org.br/membro/claudio-airoldi/
92,Cláudio Costa Neto,http://www.abc.org.br/membro/claudio-costa-neto/
93,Claudio Landim,http://www.abc.org.br/membro/claudio-landim/
94,Claudio Riccomini,http://www.abc.org.br/membro/claudio-riccomini/
95,Clovis Caesar Gonzaga,http://www.abc.org.br/membro/clovis-caesar-gonzaga/
96,Colombo Celso Gaeta Tassinari,http://www.abc.org.br/membro/colombo-celso-gaeta-tassinari/
97,Constantino Tsallis,http://www.abc.org.br/membro/constantino-tsallis/
98,Cylon Eudóxio Tricot Gonçalves da Silva,http://www.abc.org.br/membro/cylon-eudoxio-tricot-goncalves-da-silva/
99,Dan Marchesin,http://www.abc.org.br/membro/dan-marchesin/
100,Daniel Mario Ugarte,http://www.abc.org.br/membro/daniel-mario-ugarte/
101,Dario Grattapaglia,http://www.abc.org.br/membro/dario-grattapaglia/
102,David Goldstein,http://www.abc.org.br/membro/david-goldstein/
103,Diogenes de Almeida Campos,http://www.abc.org.br/membro/diogenes-de-almeida-campos/
104,Diogo Onofre Gomes de Souza,http://www.abc.org.br/membro/diogo-onofre-gomes-de-souza/
105,Djairo Guedes de Figueiredo,http://www.abc.org.br/membro/djairo-guedes-de-figueiredo/
106,Douglas Soares Galvão,http://www.abc.org.br/membro/douglas-soares-galvao/
107,Eberhard Wernick,http://www.abc.org.br/membro/eberhard-wernick/
108,Eder Carlos Rocha Quintão,http://www.abc.org.br/membro/eder-carlos-rocha-quintao/
109,Edgar Dutra Zanotto,http://www.abc.org.br/membro/edgar-dutra-zanotto/
110,Edgar Marcelino de Carvalho Filho,http://www.abc.org.br/membro/edgar-marcelino-de-carvalho-filho/
111,Edilberto Rocha Silveira,http://www.abc.org.br/membro/edilberto-rocha-silveira/
112,Edmar Lisboa Bacha,http://www.abc.org.br/membro/edmar-lisboa-bacha/
113,Edmo José Dias Campos,http://www.abc.org.br/membro/edmo-jose-dias-campos/
114,Edmundo Albuquerque de Souza e Silva,http://www.abc.org.br/membro/edmundo-albuquerque-de-souza-e-silva/
115,Edson Antonio Ticianelli,http://www.abc.org.br/membro/edson-antonio-ticianelli/
116,Edson Hirokazu Watanabe,http://www.abc.org.br/membro/edson-hirokazu-watanabe/
117,Edson Roberto Leite,http://www.abc.org.br/membro/edson-roberto-leite/
118,Eduardo Batalha Viveiros de Castro,http://www.abc.org.br/membro/eduardo-batalha-viveiros-de-castro/
119,Eduardo Cantera Marino,http://www.abc.org.br/membro/eduardo-cantera-marino/
120,Eduardo de Sequeira Esteves,http://www.abc.org.br/membro/eduardo-de-sequeira-esteves/
121,Eduardo Luiz Damiani Bica,http://www.abc.org.br/membro/eduardo-luiz-damiani-bica/
122,Eduardo Luiz Gonçalves Rios Neto,http://www.abc.org.br/membro/eduardo-luiz-goncalves-rios-neto/
123,Eduardo Moacyr Krieger,http://www.abc.org.br/membro/eduardo-moacyr-krieger/
124,Eduardo Vasconcelos Oliveira Teixeira,http://www.abc.org.br/membro/eduardo-vasconcelos-oliveira-teixeira/
125,Elcio Abdalla,http://www.abc.org.br/membro/elcio-abdalla/
126,Elias Ayres Guidetti Zagatto,http://www.abc.org.br/membro/elias-ayres-guidetti-zagatto/
127,Elibio Leopoldo Rech Filho,http://www.abc.org.br/membro/elibio-leopoldo-rech-filho/
128,Eliezer Jesus de Lacerda Barreiro,http://www.abc.org.br/membro/eliezer-jesus-de-lacerda-barreiro/
129,Elliot Watanabe Kitajima,http://www.abc.org.br/membro/elliot-watanabe-kitajima/
130,Eloi de Souza Garcia,http://www.abc.org.br/membro/eloi-de-souza-garcia/
131,Elson Longo da Silva,http://www.abc.org.br/membro/elson-longo-da-silva/
132,Ennio Marques Palmeira,http://www.abc.org.br/membro/ennio-marques-palmeira/
133,Enrique Ramiro Pujals,http://www.abc.org.br/membro/enrique-ramiro-pujals/
134,Erasmo Madureira Ferreira,http://www.abc.org.br/membro/erasmo-madureira-ferreira/
135,Erney Felício Plessmann de Camargo,http://www.abc.org.br/membro/erney-felicio-plessmann-de-camargo/
136,Ernst Wolfgang Hamburger,http://www.abc.org.br/membro/ernst-wolfgang-hamburger/
137,Esper Abrão Cavalheiro,http://www.abc.org.br/membro/esper-abrao-cavalheiro/
138,Etelvino José Henriques Bechara,http://www.abc.org.br/membro/etelvino-jose-henriques-bechara/
139,Eugenio Foresti,http://www.abc.org.br/membro/eugenio-foresti-2/
140,Eugenius Kaszkurewicz,http://www.abc.org.br/membro/eugenius-kaszkurewicz/
141,Evaldo Ferreira Vilela,http://www.abc.org.br/membro/evaldo-ferreira-vilela/
142,Fábio de Melo Sene,http://www.abc.org.br/membro/fabio-de-melo-sene/
143,Fábio de Oliveira Pedrosa,http://www.abc.org.br/membro/fabio-de-oliveira-pedrosa/
144,Fausto Foresti,http://www.abc.org.br/membro/fausto-foresti/
145,Fernando Antonio Figueiredo Cardoso da Silva,http://www.abc.org.br/membro/fernando-antonio-figueiredo-cardoso-da-silva/
146,Fernando Cendes,http://www.abc.org.br/membro/fernando-cendes/
147,Fernando Cláudio Zawislak,http://www.abc.org.br/membro/fernando-claudio-zawislak/
148,Fernando Codá dos Santos Cavalcanti Marques,http://www.abc.org.br/membro/fernando-coda-dos-santos-cavalcanti-marques/
149,Fernando Cosme Rizzo Assunção,http://www.abc.org.br/membro/fernando-cosme-rizzo-assuncao/
150,Fernando de Castro Reinach,http://www.abc.org.br/membro/fernando-de-castro-reinach/
151,Fernando de Queiroz Cunha,http://www.abc.org.br/membro/fernando-de-queiroz-cunha/
152,Fernando de Souza Barros,http://www.abc.org.br/membro/fernando-de-souza-barros/
153,Fernando Ferreira Costa,http://www.abc.org.br/membro/fernando-ferreira-costa/
154,Fernando Galembeck,http://www.abc.org.br/membro/fernando-galembeck/
155,Fernando Garcia de Mello,http://www.abc.org.br/membro/fernando-garcia-de-mello-2/
156,Fernando Lázaro Freire Júnior,http://www.abc.org.br/membro/fernando-lazaro-freire-junior/
157,Flávio Pereira Kapczinski,http://www.abc.org.br/membro/flavio-pereira-kapczinski/
158,Francisco Antonio Bezerra Coutinho,http://www.abc.org.br/membro/francisco-antonio-bezerra-coutinho/
159,Francisco Castilho Alcaraz,http://www.abc.org.br/membro/francisco-castilho-alcaraz/
160,Francisco César de Sá Barreto,http://www.abc.org.br/membro/francisco-cesar-de-sa-barreto/
161,Francisco José Lima Aragão,http://www.abc.org.br/membro/francisco-jose-lima-aragao/
162,Francisco Lacaz de Moraes Vieira,http://www.abc.org.br/membro/francisco-lacaz-de-moraes-vieira/
163,Francisco Radler de Aquino,http://www.abc.org.br/membro/francisco-radler-de-aquino/
164,Francisco Radler de Aquino Neto,http://www.abc.org.br/membro/francisco-radler-de-aquino-neto/
165,Francisco Rafael Martins Laurindo,http://www.abc.org.br/membro/francisco-rafael-martins-laurindo/
166,Francisco Silveira Guimarães,http://www.abc.org.br/membro/francisco-silveira-guimaraes/
167,Frank Herbert Quina,http://www.abc.org.br/membro/frank-herbert-quina/
168,Frederico Guilherme Graeff,http://www.abc.org.br/membro/frederico-guilherme-graeff/
169,Frederico José de Vasconcellos Xavier,http://www.abc.org.br/membro/frederico-jose-de-vasconcellos-xavier/
170,George Alexandre dos Reis,http://www.abc.org.br/membro/george-alexandre-dos-reis/
171,Geraldo Lippel Sant’Anna Junior,http://www.abc.org.br/membro/geraldo-lippel-santanna-junior-2/
172,Geraldo Wilson Afonso Fernandes,http://www.abc.org.br/membro/geraldo-wilson-afonso-fernandes/
173,Gerhard Malnic,http://www.abc.org.br/membro/gerhard-malnic/
174,Gilberto De Nucci,http://www.abc.org.br/membro/gilberto-de-nucci/
175,Gilberto Fernandes de Sá,http://www.abc.org.br/membro/gilberto-fernandes-de-sa/
176,Gilson Rogério Zeni,http://www.abc.org.br/membro/gilson-rogerio-zeni/
177,Glaucius Oliva,http://www.abc.org.br/membro/glaucius-oliva/
178,Gregório Pacelli Feitosa Bessa,http://www.abc.org.br/membro/gregorio-pacelli-feitosa-bessa/
179,Guilherme Suarez-Kurtz,http://www.abc.org.br/membro/guilherme-suarez-kurtz/
180,Helgio Henrique Casses Trindade,http://www.abc.org.br/membro/helgio-henrique-casses-trindade/
181,Helio Cesar Salgado,http://www.abc.org.br/membro/helio-cesar-salgado/
182,Helio Chacham,http://www.abc.org.br/membro/helio-chacham/
183,Helion Vargas,http://www.abc.org.br/membro/helion-vargas/
184,Henrique Bursztyn,http://www.abc.org.br/membro/henrique-bursztyn/
185,Henrique Eisi Toma,http://www.abc.org.br/membro/henrique-eisi-toma/
186,Henrique Krieger,http://www.abc.org.br/membro/henrique-krieger/
187,Herch Moysés Nussenzveig,http://www.abc.org.br/membro/herch-moyses-nussenzveig/
188,Hernan Chaimovich Guralnik,http://www.abc.org.br/membro/hernan-chaimovich-guralnik/
189,Hilário Alencar da Silva,http://www.abc.org.br/membro/hilario-alencar-da-silva/
190,Hugo Aguirre Armelin,http://www.abc.org.br/membro/hugo-aguirre-armelin/
191,Hugo Alejandro Gallardo Olmedo,http://www.abc.org.br/membro/hugo-alejandro-gallardo-olmedo/
192,Humberto Siqueira Brandi,http://www.abc.org.br/membro/humberto-siqueira-brandi/
193,Icaro Vitorello,http://www.abc.org.br/membro/icaro-vitorello/
194,Igor Ivory Gil Pacca,http://www.abc.org.br/membro/igor-ivory-gil-pacca/
195,Isaac Roitman,http://www.abc.org.br/membro/isaac-roitman/
196,Isaias Raw,http://www.abc.org.br/membro/isaias-raw/
197,Israel Vainsencher,http://www.abc.org.br/membro/israel-vainsencher/
198,Iván Antonio Izquierdo,http://www.abc.org.br/membro/ivan-antonio-izquierdo/
199,Ivan Chestakov,http://www.abc.org.br/membro/ivan-chestakov/
200,Ivano Gebhardt Rolf Gutz,http://www.abc.org.br/membro/ivano-gebhardt-rolf-gutz/
201,Jacob Palis Junior,http://www.abc.org.br/membro/jacob-palis-junior/
202,Jacques Raymond Daniel Lépine,http://www.abc.org.br/membro/jacques-raymond-daniel-lepine/
203,Jailson Bittencourt de Andrade,http://www.abc.org.br/membro/jailson-bittencourt-de-andrade/
204,Jairton Dupont,http://www.abc.org.br/membro/jairton-dupont/
205,Jayme Luiz Szwarcfiter,http://www.abc.org.br/membro/jayme-luiz-szwarcfiter/
206,Jean Pierre von der Weid,http://www.abc.org.br/membro/jean-pierre-von-der-weid/
207,Jefferson Cardia Simões,http://www.abc.org.br/membro/jefferson-cardia-simoes/
208,Jeffrey Jon Shaw,http://www.abc.org.br/membro/jeffrey-jon-shaw/
209,Jerson Lima Silva,http://www.abc.org.br/membro/jerson-lima-silva/
210,Jesus Aparecido Ferro,http://www.abc.org.br/membro/jesus-aparecido-ferro/
211,João Alziro Herz da Jornada,http://www.abc.org.br/membro/joao-alziro-herz-da-jornada/
212,João Antonio Pegas Henriques,http://www.abc.org.br/membro/joao-antonio-pegas-henriques/
213,João Batista Calixto,http://www.abc.org.br/membro/joao-batista-calixto/
214,João Batista Corrêa da Silva,http://www.abc.org.br/membro/joao-batista-correa-da-silva/
215,João Batista Teixeira da Rocha,http://www.abc.org.br/membro/joao-batista-teixeira-da-rocha/
216,João Fernando Gomes de Oliveira,http://www.abc.org.br/membro/joao-fernando-gomes-de-oliveira/
217,João Lucas Marques Barbosa,http://www.abc.org.br/membro/joao-lucas-marques-barbosa/
218,João Lúcio de Azevedo,http://www.abc.org.br/membro/joao-lucio-de-azevedo/
219,João Marcos Bezerra do Ó,http://www.abc.org.br/membro/joao-marcos-bezerra-do-o/
220,João Santana da Silva,http://www.abc.org.br/membro/joao-santana-da-silva/
221,João Valdir Comasseto,http://www.abc.org.br/membro/joao-valdir-comasseto/
222,Joaquim de Araújo Nóbrega,http://www.abc.org.br/membro/joaquim-de-araujo-nobrega/
223,Jorge Almeida Guimarães,http://www.abc.org.br/membro/jorge-almeida-guimaraes/
224,Jorge Daniel Riera,http://www.abc.org.br/membro/jorge-daniel-riera/
225,Jorge Elias Kalil Filho,http://www.abc.org.br/membro/jorge-elias-kalil-filho/
226,Jorge Guillermo Hounie,http://www.abc.org.br/membro/jorge-guillermo-hounie/
227,Jorge Manuel Sotomayor Tello,http://www.abc.org.br/membro/jorge-manuel-sotomayor-tello/
228,Jorge Rubio,http://www.abc.org.br/membro/jorge-rubio/
229,José Alberto Cuminato,http://www.abc.org.br/membro/jose-alberto-cuminato/
230,Jose Alexandre Felizola Diniz Filho,http://www.abc.org.br/membro/jose-alexandre-felizola-diniz-filho/
231,José Antônio de Freitas Pacheco,http://www.abc.org.br/membro/jose-antonio-de-freitas-pacheco/
232,Jose Antonio Marengo Orsini,http://www.abc.org.br/membro/jose-antonio-marengo-orsini/
233,José Antunes Rodrigues,http://www.abc.org.br/membro/jose-antunes-rodrigues/
234,José Carlos Costa da Silva Pinto,http://www.abc.org.br/membro/jose-carlos-costa-da-silva-pinto/
235,José Claudio Geromel,http://www.abc.org.br/membro/jose-claudio-geromel/
236,José Eduardo Krieger,http://www.abc.org.br/membro/jose-eduardo-krieger/
237,José Eduardo Tanus dos Santos,http://www.abc.org.br/membro/jose-eduardo-tanus-dos-santos-2/
238,José Ellis Ripper Filho,http://www.abc.org.br/membro/jose-ellis-ripper-filho/
239,Jose Felipe Linares Ramirez,http://www.abc.org.br/membro/jose-felipe-linares-ramirez/
240,José Fernando Perez,http://www.abc.org.br/membro/jose-fernando-perez/
241,José Ferreira Fernandes,http://www.abc.org.br/membro/jose-ferreira-fernandes/
242,José Galizia Tundisi,http://www.abc.org.br/membro/jose-galizia-tundisi/
243,José Goldemberg,http://www.abc.org.br/membro/jose-goldemberg/
244,José Israel Vargas,http://www.abc.org.br/membro/jose-israel-vargas/
245,José Manuel Riveros Nigra,http://www.abc.org.br/membro/jose-manuel-riveros-nigra/
246,José Marcos Chaves Ribeiro,http://www.abc.org.br/membro/jose-marcos-chaves-ribeiro/
247,José Mario Martínez Pérez,http://www.abc.org.br/membro/jose-mario-martinez-perez/
248,José Moacyr Vianna Coutinho,http://www.abc.org.br/membro/jose-moacyr-vianna-coutinho/
249,José Murilo de Carvalho,http://www.abc.org.br/membro/jose-murilo-de-carvalho/
250,José Oswaldo de Siqueira,http://www.abc.org.br/membro/jose-oswaldo-de-siqueira/
251,José Renan de Medeiros,http://www.abc.org.br/membro/jose-renan-de-medeiros/
252,José Roberto Boisson de Marca,http://www.abc.org.br/membro/jose-roberto-boisson-de-marca/
253,José Roberto Postali Parra,http://www.abc.org.br/membro/jose-roberto-postali-parra/
254,José Rodrigues Coura,http://www.abc.org.br/membro/jose-rodrigues-coura/
255,José Soares de Andrade Júnior,http://www.abc.org.br/membro/jose-soares-de-andrade-junior/
256,Josif Frenkel,http://www.abc.org.br/membro/josif-frenkel/
257,Julio Cezar Melatti,http://www.abc.org.br/membro/julio-cezar-melatti/
258,Julio Scharfstein,http://www.abc.org.br/membro/julio-scharfstein/
259,Karl Otto Stöhr,http://www.abc.org.br/membro/karl-otto-stohr/
260,Kenitiro Suguio,http://www.abc.org.br/membro/kenitiro-suguio/
261,Kepler de Souza Oliveira Filho,http://www.abc.org.br/membro/kepler-de-souza-oliveira-filho/
262,Klaus Reichardt,http://www.abc.org.br/membro/klaus-reichardt/
263,Koji Kawashita,http://www.abc.org.br/membro/koji-kawashita/
264,Lauro Tatsuo Kubota,http://www.abc.org.br/membro/lauro-tatsuo-kubota/
265,Lauro Valentim Stoll Nardi,http://www.abc.org.br/membro/lauro-valentim-stoll-nardi/
266,Léo Afraneo Hartmann,http://www.abc.org.br/membro/leo-afraneo-hartmann/
267,Leôncio Martins Rodrigues Netto,http://www.abc.org.br/membro/leoncio-martins-rodrigues-netto/
268,Lewis Joel Greene,http://www.abc.org.br/membro/lewis-joel-greene/
269,Licio Augusto Velloso,http://www.abc.org.br/membro/licio-augusto-velloso/
270,Lionel Segui Gonçalves,http://www.abc.org.br/membro/lionel-segui-goncalves/
271,Liu Hsu,http://www.abc.org.br/membro/liu-hsu/
272,Livio Amaral,http://www.abc.org.br/membro/livio-amaral/
273,Lorenzo Justiniano Díaz Casado,http://www.abc.org.br/membro/lorenzo-justiniano-diaz-casado/
274,Luiz Antonio Barreto de Castro,http://www.abc.org.br/membro/luiz-antonio-barreto-de-castro/
275,Luiz Antonio Martinelli,http://www.abc.org.br/membro/luiz-antonio-martinelli/
276,Luiz Bevilacqua,http://www.abc.org.br/membro/luiz-bevilacqua/
277,Luiz Carlos Dias,http://www.abc.org.br/membro/luiz-carlos-dias/
278,Luiz Davidovich,http://www.abc.org.br/membro/luiz-davidovich/
279,Luiz Drude de Lacerda,http://www.abc.org.br/membro/luiz-drude-de-lacerda/
280,Luiz Eugênio Araújo de Moraes Mello,http://www.abc.org.br/membro/luiz-eugenio-araujo-de-moraes-mello/
281,Luiz Guimarães Ferreira,http://www.abc.org.br/membro/luiz-guimaraes-ferreira/
282,Luiz Juliano Neto,http://www.abc.org.br/membro/luiz-juliano-neto/
283,Luiz Nunes de Oliveira,http://www.abc.org.br/membro/luiz-nunes-de-oliveira/
284,Luiz Pereira Calôba,http://www.abc.org.br/membro/luiz-pereira-caloba/
285,Luiz Pinguelli Rosa,http://www.abc.org.br/membro/luiz-pinguelli-rosa/
286,Luiz Renato Gonçalves Fontes,http://www.abc.org.br/membro/luiz-renato-goncalves-fontes/
287,Luiz Roberto Giorgetti de Britto,http://www.abc.org.br/membro/luiz-roberto-giorgetti-de-britto-2/
288,Manassés Claudino Fonteles,http://www.abc.org.br/membro/manasses-claudino-fonteles/
289,Manfredo Perdigão do Carmo,http://www.abc.org.br/membro/manfredo-perdigao-do-carmo/
290,Manoel Barral Netto,http://www.abc.org.br/membro/manoel-barral-netto/
291,Manoel Odorico de Moraes,http://www.abc.org.br/membro/manoel-odorico-de-moraes/
292,Marcello André Barcinski,http://www.abc.org.br/membro/marcello-andre-barcinski/
293,Marcello Iacomini,http://www.abc.org.br/membro/marcello-iacomini/
294,Marcelo Dutra Fragoso,http://www.abc.org.br/membro/marcelo-dutra-fragoso/
295,Marcelo Miranda Viana da Silva,http://www.abc.org.br/membro/marcelo-miranda-viana-da-silva/
296,Marcelo Sousa de Assumpção,http://www.abc.org.br/membro/marcelo-sousa-de-assumpcao/
297,Marcelo Torres Bozza,http://www.abc.org.br/membro/marcelo-torres-bozza/
298,Marcio de Castro Silva Filho,http://www.abc.org.br/membro/marcio-de-castro-silva-filho/
299,Marcio Gomes Soares,http://www.abc.org.br/membro/marcio-gomes-soares/
300,Marco Antonio Chaer do Nascimento,http://www.abc.org.br/membro/marco-antonio-chaer-do-nascimento/
301,Marco Antônio Teixeira,http://www.abc.org.br/membro/marco-antonio-teixeira/
302,Marco Antonio Zago,http://www.abc.org.br/membro/marco-antonio-zago/
303,Marco-Aurelio De Paoli,http://www.abc.org.br/membro/marco-aurelio-de-paoli/
304,Marcondes Lima da Costa,http://www.abc.org.br/membro/marcondes-lima-da-costa/
305,Marcos Antonio Machado,http://www.abc.org.br/membro/marcos-antonio-machado/
306,Marcos Assunção Pimenta,http://www.abc.org.br/membro/marcos-assuncao-pimenta/
307,Marcos Dajczer,http://www.abc.org.br/membro/marcos-dajczer/
308,Marcos Nogueira Eberlin,http://www.abc.org.br/membro/marcos-nogueira-eberlin/
309,Marcos Silveira Buckeridge,http://www.abc.org.br/membro/marcos-silveira-buckeridge/
310,Marcus Lira Brandão,http://www.abc.org.br/membro/marcus-lira-brandao-2/
311,Marcus Vinicius Gomez,http://www.abc.org.br/membro/marcus-vinicius-gomez/
312,Mario José Abdalla Saad,http://www.abc.org.br/membro/mario-jose-abdalla-saad/
313,Mario Veiga Ferraz Pereira,http://www.abc.org.br/membro/mario-veiga-ferraz-pereira/
314,Martin Schmal,http://www.abc.org.br/membro/martin-schmal/
315,Martin Tygel,http://www.abc.org.br/membro/martin-tygel/
316,Maurício Domingues Coutinho-Filho,http://www.abc.org.br/membro/mauricio-domingues-coutinho-filho/
317,Mauricio Lima Barreto,http://www.abc.org.br/membro/mauricio-lima-barreto/
318,Maurício Matos Peixoto,http://www.abc.org.br/membro/mauricio-matos-peixoto/
319,Maurício Rocha e Silva,http://www.abc.org.br/membro/mauricio-rocha-e-silva/
320,Mauro Martins Teixeira,http://www.abc.org.br/membro/mauro-martins-teixeira/
321,Michel Rabinovitch,http://www.abc.org.br/membro/michel-rabinovitch/
322,Miguel Trefaut Urbano Rodrigues,http://www.abc.org.br/membro/miguel-trefaut-urbano-rodrigues/
323,Milton José Porsani,http://www.abc.org.br/membro/milton-jose-porsani/
324,Milton Luiz Laquintinie Formoso,http://www.abc.org.br/membro/milton-luiz-laquintinie-formoso/
325,Moacir Wajner,http://www.abc.org.br/membro/moacir-wajner/
326,Mucio Amado Continentino,http://www.abc.org.br/membro/mucio-amado-continentino/
327,Naercio Aquino Menezes Filho,http://www.abc.org.br/membro/naercio-aquino-menezes-filho/
328,Nathan Jacob Berkovits,http://www.abc.org.br/membro/nathan-jacob-berkovits/
329,Nei Fernandes de Oliveira Junior,http://www.abc.org.br/membro/nei-fernandes-de-oliveira-junior/
330,Nelson Francisco Favilla Ebecken,http://www.abc.org.br/membro/nelson-francisco-favilla-ebecken/
331,Nelson Maculan Filho,http://www.abc.org.br/membro/nelson-maculan-filho/
332,Nelson Monteiro Vaz,http://www.abc.org.br/membro/nelson-monteiro-vaz/
333,Nicim Zagury,http://www.abc.org.br/membro/nicim-zagury/
334,Niels Olsen Saraiva Câmara,http://www.abc.org.br/membro/niels-olsen-saraiva-camara/
335,Niro Higuchi,http://www.abc.org.br/membro/niro-higuchi/
336,Nivio Ziviani,http://www.abc.org.br/membro/nivio-ziviani/
337,Norberto Peporine Lopes,http://www.abc.org.br/membro/norberto-peporine-lopes/
338,Odir Antônio Dellagostin,http://www.abc.org.br/membro/odir-antonio-dellagostin/
339,Omar Abdel Moneim Abou El Seoud,http://www.abc.org.br/membro/omar-abdel-moneim-abou-el-seoud/
340,Oscar Manoel Loureiro Malta,http://www.abc.org.br/membro/oscar-manoel-loureiro-malta/
341,Oswaldo Luiz Alves,http://www.abc.org.br/membro/oswaldo-luiz-alves/
342,Oswaldo Sala,http://www.abc.org.br/membro/oswaldo-sala-2/
343,Oswaldo Ubríaco Lopes,http://www.abc.org.br/membro/oswaldo-ubriaco-lopes/
344,Otávio Guilherme Cardoso Alves Velho,http://www.abc.org.br/membro/otavio-guilherme-cardoso-alves-velho/
345,Othon Henry Leonardos,http://www.abc.org.br/membro/othon-henry-leonardos/
346,Pablo Augusto Ferrari,http://www.abc.org.br/membro/pablo-augusto-ferrari/
347,Paolo Piccione,http://www.abc.org.br/membro/paolo-piccione-2/
348,Paul Alexander Schweitzer,http://www.abc.org.br/membro/paul-alexander-schweitzer/
349,Paulo Antônio de Souza Mourão,http://www.abc.org.br/membro/paulo-antonio-de-souza-mourao/
350,Paulo Arruda,http://www.abc.org.br/membro/paulo-arruda/
351,Paulo Domingos Cordaro,http://www.abc.org.br/membro/paulo-domingos-cordaro/
352,Paulo Eduardo Artaxo Netto,http://www.abc.org.br/membro/paulo-eduardo-artaxo-netto/
353,Paulo Hilário Nascimento Saldiva,http://www.abc.org.br/membro/paulo-hilario-nascimento-saldiva/
354,Paulo Marcos de Paula Vasconcelos,http://www.abc.org.br/membro/paulo-marcos-de-paula-vasconcelos/
355,Paulo Mazzafera,http://www.abc.org.br/membro/paulo-mazzafera/
356,Paulo Murilo Castro de Oliveira,http://www.abc.org.br/membro/paulo-murilo-castro-de-oliveira/
357,Paulo Roberto Grossi Sad,http://www.abc.org.br/membro/paulo-roberto-grossi-sad/
358,Paulo Sérgio Lacerda Beirão,http://www.abc.org.br/membro/paulo-sergio-lacerda-beirao/
359,Paulo Sérgio Pinheiro,http://www.abc.org.br/membro/paulo-sergio-pinheiro/
360,Paulo Sérgio Ramirez Diniz,http://www.abc.org.br/membro/paulo-sergio-ramirez-diniz/
361,Pavel Zalesski,http://www.abc.org.br/membro/pavel-zalesski/
362,Pedro Fernando da Costa Vasconcelos,http://www.abc.org.br/membro/pedro-fernando-da-costa-vasconcelos/
363,Pedro Leite da Silva Dias,http://www.abc.org.br/membro/pedro-leite-da-silva-dias/
364,Pedro Nowosad,http://www.abc.org.br/membro/pedro-nowosad/
365,Peter Henry Fry,http://www.abc.org.br/membro/peter-henry-fry/
366,Philip Martin Fearnside,http://www.abc.org.br/membro/philip-martin-fearnside/
367,Protásio Lemos da Luz,http://www.abc.org.br/membro/protasio-lemos-da-luz/
368,Rafael Linden,http://www.abc.org.br/membro/rafael-linden/
369,Raimundo Braz Filho,http://www.abc.org.br/membro/raimundo-braz-filho/
370,Ramayana Gazzinelli,http://www.abc.org.br/membro/ramayana-gazzinelli/
371,Raúl Antonino Feijóo,http://www.abc.org.br/membro/raul-antonino-feijoo/
372,Reinhardt Adolfo Fuck,http://www.abc.org.br/membro/reinhardt-adolfo-fuck/
373,Renato de Azevedo Tribuzy,http://www.abc.org.br/membro/renato-de-azevedo-tribuzy/
374,Renato Machado Cotta,http://www.abc.org.br/membro/renato-machado-cotta/
375,Renato Sérgio Balão Cordeiro,http://www.abc.org.br/membro/renato-sergio-balao-cordeiro/
376,Reynaldo Luiz Victoria,http://www.abc.org.br/membro/reynaldo-luiz-victoria/
377,Ricardo Antunes de Azevedo,http://www.abc.org.br/membro/ricardo-antunes-de-azevedo/
378,Ricardo Gattass,http://www.abc.org.br/membro/ricardo-gattass/
379,Ricardo Ivan Ferreira da Trindade,http://www.abc.org.br/membro/ricardo-ivan-ferreira-da-trindade-2/
380,Ricardo Magnus Osório Galvão,http://www.abc.org.br/membro/ricardo-magnus-osorio-galvao/
381,Ricardo Paes de Barros,http://www.abc.org.br/membro/ricardo-paes-de-barros/
382,Ricardo Schwartz Schor,http://www.abc.org.br/membro/ricardo-schwartz-schor/
383,Ricardo Tostes Gazzinelli,http://www.abc.org.br/membro/ricardo-tostes-gazzinelli/
384,Ricardo Ventura Santos,http://www.abc.org.br/membro/ricardo-ventura-santos/
385,Richard Charles Garratt,http://www.abc.org.br/membro/richard-charles-garratt/
386,Roberto Augusto DaMatta,http://www.abc.org.br/membro/roberto-augusto-damatta/
387,Roberto Dall’Agnol,http://www.abc.org.br/membro/roberto-dallagnol/
388,Roberto Giugliani,http://www.abc.org.br/membro/roberto-giugliani/
389,Roberto Kant De Lima,http://www.abc.org.br/membro/roberto-kant-de-lima/
390,Roberto Lent,http://www.abc.org.br/membro/roberto-lent/
391,Roberto Manuel Torresi,http://www.abc.org.br/membro/roberto-manuel-torresi/
392,Roberto Mendonça Faria,http://www.abc.org.br/membro/roberto-mendonca-faria/
393,Roberto Rittner Neto,http://www.abc.org.br/membro/roberto-rittner-neto/
394,Roberto Zatz,http://www.abc.org.br/membro/roberto-zatz/
395,Robson Augusto Souza dos Santos,http://www.abc.org.br/membro/robson-augusto-souza-dos-santos/
396,Rodrigo Correa de Oliveira,http://www.abc.org.br/membro/rodrigo-correa-de-oliveira/
397,Roger Chammas,http://www.abc.org.br/membro/roger-chammas/
398,Rogerio Margis,http://www.abc.org.br/membro/rogerio-margis/
399,Rogério Meneghini,http://www.abc.org.br/membro/rogerio-meneghini/
400,Roland Köberle,http://www.abc.org.br/membro/roland-koberle/
401,Romildo Dias Toledo Filho,http://www.abc.org.br/membro/romildo-dias-toledo-filho/
402,Ronald Cintra Shellard,http://www.abc.org.br/membro/ronald-cintra-shellard/
403,Ronald Dickman,http://www.abc.org.br/membro/ronald-dickman/
404,Ronaldo Aloise Pilli,http://www.abc.org.br/membro/ronaldo-aloise-pilli/
405,Ruben George Oliven,http://www.abc.org.br/membro/ruben-george-oliven/
406,Rubens Belfort Mattos Junior,http://www.abc.org.br/membro/rubens-belfort-mattos-junior/
407,Rui Curi,http://www.abc.org.br/membro/rui-curi/
408,Ruy Exel Filho,http://www.abc.org.br/membro/ruy-exel-filho/
409,Said Najati Sidki,http://www.abc.org.br/membro/said-najati-sidki/
410,Samuel Goldenberg,http://www.abc.org.br/membro/samuel-goldenberg/
411,Samuel Wallace MacDowell,http://www.abc.org.br/membro/samuel-wallace-macdowell/
412,Sandoval Carneiro Junior,http://www.abc.org.br/membro/sandoval-carneiro-junior/
413,Sérgio Costa Oliveira,http://www.abc.org.br/membro/sergio-costa-oliveira/
414,Sérgio Danilo Junho Pena,http://www.abc.org.br/membro/sergio-danilo-junho-pena/
415,Sérgio Luis Costa Ferreira,http://www.abc.org.br/membro/sergio-luis-costa-ferreira/
416,Sergio Machado Rezende,http://www.abc.org.br/membro/sergio-machado-rezende/
417,Sérgio Mascarenhas de Oliveira,http://www.abc.org.br/membro/sergio-mascarenhas-de-oliveira/
418,Sergio Miceli Pessôa de Barros,http://www.abc.org.br/membro/sergio-miceli-pessoa-de-barros/
419,Sérgio Olavo Pinto da Costa,http://www.abc.org.br/membro/sergio-olavo-pinto-da-costa/
420,Sergio Schenkman,http://www.abc.org.br/membro/sergio-schenkman/
421,Sérgio Teixeira Ferreira,http://www.abc.org.br/membro/sergio-teixeira-ferreira/
422,Sergio Verjovski de Almeida,http://www.abc.org.br/membro/sergio-verjovski-de-almeida/
423,Setembrino Petri,http://www.abc.org.br/membro/setembrino-petri/
424,Sidney José Lima Ribeiro,http://www.abc.org.br/membro/sidney-jose-lima-ribeiro/
425,Silvio Roberto de Azevedo Salinas,http://www.abc.org.br/membro/silvio-roberto-de-azevedo-salinas/
426,Simon Schwartzman,http://www.abc.org.br/membro/simon-schwartzman/
427,Sóstenes Luiz Soares Lins,http://www.abc.org.br/membro/sostenes-luiz-soares-lins/
428,Sylvio Ferraz-Mello,http://www.abc.org.br/membro/sylvio-ferraz-mello/
429,Sylvio Roberto Accioly Canuto,http://www.abc.org.br/membro/sylvio-roberto-accioly-canuto/
430,Takeshi Kodama,http://www.abc.org.br/membro/takeshi-kodama/
431,Tercio Ambrizzi,http://www.abc.org.br/membro/tercio-ambrizzi/
432,Tetsuo Yamane,http://www.abc.org.br/membro/tetsuo-yamane/
433,Thomas Maack,http://www.abc.org.br/membro/thomas-maack/
434,Umberto Giuseppe Cordani,http://www.abc.org.br/membro/umberto-giuseppe-cordani/
435,Valder Steffen Junior,http://www.abc.org.br/membro/valder-steffen-junior/
436,Valmir Carneiro Barbosa,http://www.abc.org.br/membro/valmir-carneiro-barbosa/
437,Vanderlei Salvador Bagnato,http://www.abc.org.br/membro/vanderlei-salvador-bagnato/
438,Vasco Ariston de Carvalho Azevedo,http://www.abc.org.br/membro/vasco-ariston-de-carvalho-azevedo/
439,Vicente Antonio Vitório Girardi,http://www.abc.org.br/membro/vicente-antonio-vitorio-girardi/
440,Vicente Guilherme Toscano,http://www.abc.org.br/membro/vicente-guilherme-toscano/
441,Victor Carlos Pandolfelli,http://www.abc.org.br/membro/victor-carlos-pandolfelli/
442,Victor Nussenzweig,http://www.abc.org.br/membro/victor-nussenzweig/
443,Virgílio Augusto Fernandes Almeida,http://www.abc.org.br/membro/virgilio-augusto-fernandes-almeida/
444,Vitor Francisco Ferreira,http://www.abc.org.br/membro/vitor-francisco-ferreira/
445,Vivaldo Moura Neto,http://www.abc.org.br/membro/vivaldo-moura-neto/
446,Vyacheslav Futorny,http://www.abc.org.br/membro/vyacheslav-futorny/
447,Wagner Farid Gattaz,http://www.abc.org.br/membro/wagner-farid-gattaz/
448,Waldyr Muniz Oliva,http://www.abc.org.br/membro/waldyr-muniz-oliva/
449,Walter Araujo Zin,http://www.abc.org.br/membro/walter-araujo-zin/
450,Walter Arno Mannheimer,http://www.abc.org.br/membro/walter-arno-mannheimer/
451,Walter Colli,http://www.abc.org.br/membro/walter-colli/
452,Walter Demetrio Gonzalez Alarcon,http://www.abc.org.br/membro/walter-demetrio-gonzalez-alarcon/
453,Walter Felipe Wreszinski,http://www.abc.org.br/membro/walter-felipe-wreszinski/
454,Walter Ribeiro Terra,http://www.abc.org.br/membro/walter-ribeiro-terra/
455,Wanderley de Souza,http://www.abc.org.br/membro/wanderley-de-souza/
456,Warwick Estevam Kerr,http://www.abc.org.br/membro/warwick-estevam-kerr/
457,William Ernest Magnusson,http://www.abc.org.br/membro/william-ernest-magnusson/
458,Willy Beçak,http://www.abc.org.br/membro/willy-becak/
459,Wilmar Dias da Silva,http://www.abc.org.br/membro/wilmar-dias-da-silva/
460,Wilson Savino,http://www.abc.org.br/membro/wilson-savino/
461,Wilson Teixeira,http://www.abc.org.br/membro/wilson-teixeira/
462,Wolmer Vercosa Vasconcelos,http://www.abc.org.br/membro/wolmer-vercosa-vasconcelos/
463,Yan Levin,http://www.abc.org.br/membro/yan-levin/
